"id","name","template_category_id","created_at","updated_at","base_fee"
1,"Incorporation / Formation of a Local Jurisdiction Company",1,"2021-10-05 18:31:54.431591","2023-11-21 19:28:47.388087",1450
2,"Incorporation / Formation of a Federal Corporation",1,"2021-10-05 18:34:17.083785","2023-10-25 17:04:22.695442",1200
3,"Incorporation / Formation of an Unlimited Liability Corporation",1,"2021-10-05 18:36:34.846714","2023-10-25 17:03:49.092326",1300
4,"Extra provincial / state Registration in local jurisdiction",2,"2021-10-05 18:37:27.968781","2024-04-08 18:10:18.729687",300
5,"Extra provincial / state Registration in other jurisdictions",2,"2021-10-05 18:37:50.139384","2024-04-08 18:10:07.742928",200
6,"Extra provincial / state Registration in local jurisdiction for foreign corporation",2,"2021-10-05 18:38:11.637543","2024-04-08 18:09:52.996381",500
7,"Registration of a Sole Proprietorship (Local Jurisdiction)",3,"2021-10-05 18:38:53.415048","2021-10-20 04:09:33.209565",300
8,"Registration of a General Partnership (Local Jurisdiction)",4,"2021-10-05 18:39:45.105397","2021-10-20 04:10:43.285423",400
9,"Drafting General Partnership Agreement",4,"2021-10-05 18:41:06.712247","2021-10-20 04:11:02.070549",3000
10,"Drafting General Partnership Amending Agreement",4,"2021-10-05 18:47:27.667857","2021-10-20 04:12:49.79825",1500
11,"Issuance of Additional Units",4,"2021-10-05 19:38:09.951409","2021-10-20 04:13:44.026779",500
12,"Strategic Transaction Planning",5,"2021-10-05 19:53:22.072991","2021-10-20 04:15:04.804264",1500
13,"Registration of a Limited Partnership (Local Jurisdiction)",6,"2021-10-05 23:59:41.856398","2021-10-20 04:15:26.636809",400
14,"Drafting Limited Partnership Agreement",6,"2021-10-05 23:59:59.988778","2021-10-20 04:15:54.138239",3000
15,"Drafting Limited Partnership Amending Agreement",6,"2021-10-06 00:00:13.010547","2021-10-20 04:17:42.973468",1500
16,"Issuance of Additional Limited Partnership Units",6,"2021-10-06 00:45:14.241089","2021-10-20 04:18:16.000665",500
17,"Registration of a Limited Liability Partnership (Local Jurisdiction)",7,"2021-10-06 04:15:01.517699","2021-10-20 04:19:27.007532",400
18,"Drafting Limited Liability Partnership Agreement",7,"2021-10-06 04:16:17.509769","2021-10-20 04:20:07.038301",3000
19,"Drafting Limited Liability Partnership Amending Agreement",7,"2021-10-06 04:18:52.32312","2021-10-20 04:20:21.443715",1500
20,"Issuance of Additional Limited Liability Partnership Units",7,"2021-10-06 04:19:38.682481","2021-10-20 04:22:22.987999",500
21,"Local Jurisdiction Company	",8,"2021-10-06 04:21:51.458305","2021-10-20 04:23:34.130277",300
22,"Charity / Non-For-Profit",8,"2021-10-06 04:22:18.710416","2021-10-20 04:23:51.707811",200
23,"Acting as Attorney for Service in Local Jurisdiction",8,"2021-10-06 04:22:41.880867","2021-10-20 04:24:05.963488",200
24,"Federal Corporation",8,"2021-10-06 04:22:52.588992","2021-10-20 04:24:51.465269",300
25,"Federal Corporation with Local Extra provincial / stateRegistration",8,"2021-10-06 04:23:23.237851","2024-04-08 18:10:36.901705",400
26,"Extra provincial / state Registrations for foreign Corporation",8,"2021-10-06 04:23:48.381385","2024-04-08 18:10:55.537282",300
27,"Vertical (Short Form) Amalgamation",9,"2021-10-06 04:28:36.645572","2021-10-06 04:28:36.645572",0
28,"Horizontal (Short Form) Amalgamation",9,"2021-10-06 04:29:34.731742","2021-10-06 04:29:34.731742",0
29,"Long Form Amalgamation",9,"2021-10-06 04:30:57.517271","2021-10-06 04:30:57.517271",0
30,"Continuation (into local jurisdiction)",10,"2021-10-06 04:32:04.500402","2021-10-20 04:27:43.087639",1500
31,"Continuation (out of local jurisdiction)",10,"2021-10-06 04:32:23.147354","2021-10-20 04:32:51.269369",850
32,"Drafting Shareholders’ Agreement",11,"2021-10-06 04:35:13.695386","2023-11-21 19:29:42.65555",3250
33,"Review of Shareholders’ Agreement",11,"2021-10-06 04:37:23.525147","2021-10-20 04:37:36.713442",1000
34,"Closely Held Transfer of Shares (acting for Company)",12,"2021-10-06 04:48:00.755861","2021-10-20 04:40:13.630001",500
35,"Allotment of Shares",12,"2021-10-06 04:49:28.059543","2021-10-20 17:42:16.742249",400
36,"Repurchase of Shares",12,"2021-10-06 04:50:36.381607","2021-10-20 17:43:20.4811",600
37,"Redemption of Shares",12,"2021-10-06 04:51:49.412414","2021-10-06 04:51:49.412414",0
38,"Gift of Shares",12,"2021-10-06 04:52:51.149324","2021-10-20 17:43:40.118434",600
39,"Transmission of shares",12,"2021-10-06 04:53:34.829862","2021-10-20 17:43:57.906087",600
40,"Replacement of Lost Share Certificates",12,"2021-10-06 04:54:15.460921","2021-10-20 17:44:18.325506",750
41,"Section 85  Tax Driven Transaction",87,"2021-10-06 18:42:57.46823","2023-01-26 21:42:41.241187",1500
42,"Section 86 Tax Driven Transaction",87,"2021-10-06 19:58:17.445678","2023-01-26 21:42:29.567382",1500
43,"Section 51 Tax Driven Transaction",87,"2021-10-06 20:00:19.655786","2023-01-26 21:40:23.84379",1500
44,"Change of Director ",14,"2021-10-06 20:01:26.684545","2021-10-20 17:47:58.780841",250
45,"Change of Officer",14,"2021-10-06 20:04:17.602981","2021-10-20 17:48:19.072181",200
46,"Change of Director and Officer",14,"2021-10-06 20:04:48.71465","2021-10-20 17:48:34.627432",300
47,"Change of Shareholder Name",15,"2021-10-06 20:05:30.417032","2021-10-20 17:49:12.91592",200
48," Change of Director Name",15,"2021-10-06 20:06:21.988081","2021-10-20 17:50:34.677464",200
49," Change Name of Local Jurisdiction Company",15,"2021-10-06 20:06:51.876569","2021-10-20 17:58:08.423174",600
50," Change name of Federal Company",15,"2021-10-06 20:07:20.599492","2021-10-20 17:59:06.191456",750
51,"Change name of Professional Company",15,"2021-10-06 20:07:44.427025","2021-10-20 17:59:24.113508",750
52,"Dissolution (Voluntary) of Company",15,"2021-10-06 20:08:38.252146","2021-10-20 17:59:50.810257",550
53,"Wind-up of company (with agreement)",15,"2021-10-06 20:09:30.960202","2021-10-20 18:00:31.400104",1300
54,"Restoration of Company",15,"2021-10-06 20:11:11.913524","2021-10-21 19:14:49.051291",1400
55,"Capital Alteration to adopt new share structure",15,"2021-10-06 20:11:54.118572","2021-10-21 19:15:30.066135",850
56,"Audit Inquiries",15,"2021-10-06 20:12:25.801951","2021-10-21 19:16:00.271686",400
57,"Minute Book Review",15,"2021-10-06 20:13:52.903212","2021-10-21 19:17:12.407822",300
58,"Change of Registered and Records Office",15,"2021-10-06 20:15:50.865483","2021-10-21 19:18:17.381143",250
59,"Organizing / Holding an Annual General Meeting (AGM)",15,"2021-10-06 20:17:27.929062","2021-10-21 19:18:58.277465",750
60,"Dividend Resolutions",16,"2021-10-06 20:39:30.72113","2021-10-21 19:23:05.345822",300
61,"Redemption (with deemed dividend)",17,"2021-10-06 20:40:45.901678","2021-10-21 19:23:53.895642",500
62,"Drafting Deal Specific Non-Disclosure Agreement (NDA)",18,"2021-10-06 20:50:34.269249","2021-10-21 19:26:09.931216",500
63,"Drafting Multi-use Template Non-Disclosure Agreement (NDA)",18,"2021-10-06 20:52:09.895053","2021-10-21 19:26:23.530121",500
64,"Drafting Deal Specific Confidentiality Agreements",18,"2021-10-06 20:57:39.431986","2021-10-21 19:26:32.749013",500
65," Drafting Multi-use Template Confidentiality Agreements",18,"2021-10-06 21:14:54.647064","2021-10-21 19:26:44.912252",500
66,"Drafting Deal Specific Customer Agreements",18,"2021-10-06 21:17:44.760026","2021-10-21 19:27:31.535529",700
67," Drafting Multi-use Template Customer Agreements",18,"2021-10-06 21:20:01.892136","2021-10-21 19:27:55.381654",700
68,"Drafting Deal Specific Non-Competition Agreements",18,"2021-10-06 21:24:44.251468","2021-10-21 19:28:19.997938",500
69," Drafting Multi-use Template Non-Competition Agreements",18,"2021-10-06 21:25:23.865398","2021-10-21 19:28:30.363028",500
70,"Drafting Deal Specific Supplier (Vendor) Agreements",18,"2021-10-06 21:27:11.656714","2021-10-21 19:28:49.12424",700
71,"Drafting Multi-use Template Supplier (Vendor) Agreements",18,"2021-10-06 21:27:49.784637","2021-10-21 19:29:00.522742",700
72,"Sale of Property",22,"2021-10-06 21:43:40.250186","2024-03-21 21:47:27.093511",1500
73,"Purchase of Property",22,"2021-10-06 21:45:28.046057","2024-03-21 21:45:40.403335",1500
74,"Refinance of Residential Property",22,"2021-10-06 21:48:13.432315","2024-03-21 21:43:00.676693",1500
75,"Transfer of Title of Residential Property to Related Party",23,"2021-10-06 21:50:53.367637","2021-10-21 19:35:05.379494",1300
76,"Drafting Interim Agreement",23,"2021-10-06 22:04:37.487231","2021-10-21 19:35:27.613657",1500
77,"Drafting Co-ownership Agreement",23,"2021-10-06 22:06:17.278566","2021-10-21 19:35:38.723062",1500
78,"Probate and Transmission of Real Property",24,"2021-10-06 22:15:25.442859","2024-03-21 18:06:39.177311",4500
79,"Transmission of Local Personal Property",24,"2021-10-06 22:17:34.02711","2022-06-09 16:19:32.223669",600
81,"Consent to Early Distribution of Estate Assets",24,"2021-10-06 22:18:09.826417","2021-10-21 19:43:11.212119",500
82,"Interim Distribution and Passing of Accounts",24,"2021-10-06 22:48:53.353159","2021-10-21 20:05:04.556948",1600
83,"Subsequent Interim Distributions or Final Distribution and Passing of Accounts",24,"2021-10-06 22:50:08.778256","2021-10-21 20:08:41.856798",1300
84,"Transmission of Real Estate to Surviving Joint Tenant",24,"2021-10-06 22:50:18.974249","2022-11-18 19:28:08.700335",450
85,"Transfer of Real Property in kind		",24,"2021-10-06 22:50:27.722665","2021-10-21 20:12:37.483091",700
86,"Drafting Single Will",25,"2021-10-06 23:05:58.736228","2021-10-21 20:14:46.006395",600
87," Drafting Pair of Wills",25,"2021-10-06 23:06:48.743915","2021-10-21 20:14:57.257079",900
88,"Drafting Single Codicil",25,"2021-10-06 23:07:47.471669","2021-10-21 20:15:07.597599",300
89," Drafting Pair of Codicils",25,"2021-10-06 23:09:18.045946","2021-10-21 20:15:17.157669",400
90,"Drafting Single Power of Attorney (POA)",26,"2021-10-07 20:46:08.244674","2024-03-21 17:47:05.702426",300
91,"Drafting Pair of Power of Attorneys (EPOA)",26,"2021-10-07 20:46:56.319694","2024-03-21 17:51:28.18599",400
92,"Revocation of Enduring Power of Attorney (EPOA)",26,"2021-10-07 20:49:40.621113","2021-10-21 20:18:25.671722",300
93,"Representation Agreement / Living Will",27,"2021-10-07 20:51:19.727667","2024-03-21 17:56:26.25798",450
94,"Advanced Directive",27,"2021-10-07 20:52:08.668124","2021-10-21 20:19:03.311594",450
95,"Revocation of Representation Agreement",27,"2021-10-07 20:52:36.485239","2021-10-21 20:19:42.030041",300
96,"Revocation of Advanced Directive",27,"2021-10-07 20:53:54.179143","2021-10-21 20:19:58.349526",300
97,"Alter Ego Trust",28,"2021-10-07 21:01:24.360952","2021-10-21 20:22:31.325732",6000
98,"Joint Partner Trust",28,"2021-10-07 21:03:10.1139","2021-10-21 20:22:51.636158",6000
99,"Establish Family Trust	",28,"2021-10-07 21:03:46.949559","2021-10-21 23:41:53.744636",2500
100,"Establish Disability Trust",28,"2021-10-07 21:04:55.736644","2021-10-21 23:42:27.601607",2500
101,"Minutes of Trustee Decision			",28,"2021-10-07 21:06:00.409111","2021-10-21 23:42:45.130156",300
102,"Distribution of Trust Property 		",28,"2021-10-07 21:06:15.52474","2021-10-21 23:42:58.656616",750
103,"Distribute Income to Beneficiaries  ",28,"2021-10-07 21:07:22.870593","2021-10-21 23:43:55.321741",250
104,"Add / Remove Trustees 				",28,"2021-10-07 21:08:15.986126","2021-10-21 23:44:10.348892",400
105,"Add / Remove Beneficiaries ",28,"2021-10-07 21:09:19.029236","2021-10-21 23:44:20.275552",400
106,"Bare Trust Declarations",28,"2021-10-07 21:09:45.570741","2021-10-21 23:44:41.338046",1500
107,"Windup of Trust",28,"2021-10-07 21:10:00.327124","2021-10-21 23:44:50.70918",750
108,"Variation Claims Memorandum",29,"2021-10-07 21:10:29.805674","2024-04-08 18:19:35.319945",250
109,"Opposing Executors Account",29,"2021-10-07 21:10:38.153772","2024-04-08 18:22:48.634126",250
110,"Will Interpretation",29,"2021-10-07 21:10:51.59292","2024-04-08 18:24:55.002418",250
111,"Committee Appointment",30,"2021-10-07 21:11:06.568731","2024-04-08 18:29:58.431178",350
112,"Advising Personal Representatives			",31,"2021-10-07 21:11:16.820473","2024-04-08 18:38:12.053871",250
113,"Advising Beneficiaries	",31,"2021-10-07 21:11:24.93605","2024-04-08 18:36:26.320316",250
114,"Adding Children as Joint Tenants",31,"2021-10-07 21:12:17.539309","2021-10-21 23:46:43.058617",1500
115,"Drafting Deal Specific Employment Agreement",32,"2021-10-08 18:39:00.391443","2021-10-21 23:47:35.062885",1250
116,"Drafting Multi-use Template Employment Agreement",32,"2021-10-08 18:40:23.936514","2021-10-21 23:47:53.581743",1500
117,"Drafting Deal Specific Independent Contractor Agreement ",32,"2021-10-08 18:45:53.004921","2021-10-21 23:48:05.70036",1250
118,"Drafting Multi-use Template Independent Contractor Agreement",32,"2021-10-08 18:46:55.32012","2021-10-21 23:48:16.53176",1500
119,"Review of Employment Agreement ",32,"2021-10-08 18:50:19.028362","2021-10-21 23:48:38.046477",750
120,"Review of Independent Contractor Agreement",32,"2021-10-08 18:52:35.426644","2021-10-21 23:48:48.281249",750
122,"Provide legal advice on Reasonable Notice",32,"2021-10-08 18:53:24.801884","2021-10-21 23:49:37.046171",1000
124,"Reviewing & Negotiating Non-Disclosure Agreement (NDA) / Confidentiality Agreement",5,"2021-10-13 18:20:13.870217","2021-10-25 19:16:44.502194",500
125,"Drafting & Negotiating the Letter of Intent (LOI) / Term Sheet",5,"2021-10-13 18:21:42.898464","2021-10-25 19:17:37.310872",1250
126,"Drafting & Negotiating Definitive Agreement (Asset Purchase Agreement)",5,"2021-10-13 21:14:14.918107","2021-10-25 19:17:56.630292",2000
127,"Due Diligence ",5,"2021-10-13 21:17:52.498334","2021-10-13 21:17:52.498334",0
128,"Drafting & Negotiating Ancillary Material Agreements",5,"2021-10-13 21:21:42.488287","2021-10-13 21:21:42.488287",0
129,"Closing Matters",5,"2021-10-13 21:22:50.921309","2021-10-25 19:23:28.527055",250
130,"Reporting & Post-Closing",5,"2021-10-13 21:23:47.295809","2021-10-25 19:19:35.25259",200
131,"Strategic Transaction Planning",19,"2021-10-15 17:20:16.561995","2021-10-25 19:20:59.567708",1500
132,"Drafting & Negotiating Non-Disclosure Agreement (NDA) / Confidentiality Agreement",19,"2021-10-15 17:23:32.096749","2021-10-25 19:21:11.741735",500
133,"Drafting & Negotiating the Letter of Intent (LOI) / Term Sheet",19,"2021-10-15 17:26:06.729304","2021-10-25 19:21:26.396824",1250
134,"Drafting & Negotiating Definitive Agreement (Asset Purchase Agreement)",19,"2021-10-15 17:29:30.274735","2021-10-25 19:21:39.337899",2000
135,"Due Diligence",19,"2021-10-15 17:41:19.764151","2021-10-15 17:41:19.764151",0
136,"4. Due Diligence",21,"2021-10-15 17:42:21.635875","2024-03-21 21:52:04.480516",0
137,"Drafting, Reviewing & Negotiating Ancillary Material Agreements",19,"2021-10-15 17:46:25.641171","2021-10-15 17:46:25.641171",0
138,"Closing Matters",19,"2021-10-15 17:48:04.045214","2021-10-25 19:23:01.783488",250
139,"Reporting & Post-Closing",19,"2021-10-15 17:49:56.01926","2021-10-25 19:22:44.117032",200
140,"Strategic Transaction Planning",20,"2021-10-15 18:12:23.795435","2021-10-25 19:23:54.112531",1500
141,"Drafting & Negotiating Non-Disclosure Agreement (NDA) / Confidentiality Agreement",20,"2021-10-15 18:14:56.328796","2021-10-25 19:24:12.731116",500
142,"Drafting, Reviewing & Negotiating the Letter of Intent (LOI) / Term Sheet",20,"2021-10-15 18:23:05.095426","2021-10-25 19:24:26.354532",1250
143,"Drafting, Reviewing & Negotiating Definitive Agreement (Share Purchase Agreement)",20,"2021-10-15 18:25:57.348268","2021-10-25 19:24:42.252622",2000
144,"Due Diligence",20,"2021-10-15 18:30:02.445675","2021-10-15 18:30:02.445675",0
145,"Drafting & Negotiating Ancillary Material Agreements",20,"2021-10-15 18:31:54.904393","2021-10-15 18:31:54.904393",0
146,"Closing Matters",20,"2021-10-15 18:32:59.127559","2021-10-25 19:25:07.858711",250
147,"Reporting & Post-Closing",20,"2021-10-15 18:33:33.441219","2021-10-25 19:25:16.032798",200
148,"1. Strategic Transaction Planning",21,"2021-10-25 19:29:00.318949","2024-03-21 21:50:56.171",1500
149,"2. Drafting & Negotiating Non-Disclosure Agreement (NDA) / Confidentiality Agreement",21,"2021-10-25 19:29:48.371145","2024-03-21 21:51:22.815435",500
150,"3. Drafting, Reviewing & Negotiating the Letter of Intent (LOI) / Term Sheet",21,"2021-10-25 19:30:54.854425","2024-03-21 21:51:48.362127",1250
151,"5. Drafting & Negotiating Definitive Agreement (Share Purchase Agreement)",21,"2021-10-25 19:32:55.557127","2024-03-21 21:53:04.053712",2000
153,"6. Drafting & Negotiating Ancillary Material Agreements",21,"2021-10-25 19:38:25.811548","2024-03-21 21:53:37.264436",0
154,"7. Closing Matters",21,"2021-10-25 19:39:13.454698","2024-03-21 21:53:54.7387",250
155,"8. Reporting & Post-Closing",21,"2021-10-25 19:39:46.480012","2024-03-21 21:54:10.336424",200
157,"1. Initiate Arbitration Process",38,"2021-10-25 21:54:02.851298","2024-03-27 18:30:04.744815",750
158,"2. Prepare Arbitration Arguments",38,"2021-10-25 21:54:19.259154","2024-03-27 18:34:09.159569",500
159,"3. Attend Arbitration",38,"2021-10-25 21:55:28.131024","2024-03-27 18:27:14.225773",1000
160,"1. Initiate Mediation Process",39,"2021-10-25 21:55:41.97611","2024-03-27 18:30:23.987644",750
161,"2. Prepare Mediation Arguments",39,"2021-10-25 21:55:55.195821","2024-03-27 18:33:52.491411",500
162,"3. Attend Mediation",39,"2021-10-25 21:56:28.756181","2024-03-27 18:26:48.480228",1000
163,"Drafting Template Franchise Agreement & Related Documents",40,"2021-10-26 00:07:50.578927","2021-10-26 00:07:50.578927",6000
164,"Drafting Template Franchise Disclosure Documentation",40,"2021-10-26 00:08:53.927529","2021-10-26 00:08:53.927529",12000
165,"Drafting Template Multiple Unit Distribution Agreement (MUDA)",40,"2021-10-26 00:09:52.592023","2021-10-26 00:09:52.592023",5000
166,"Drafting Licence Agreement",40,"2021-10-26 00:10:36.917284","2021-10-26 00:10:36.917284",1750
167,"Drafting Franchise Agreement",41,"2021-10-26 00:13:43.787631","2021-10-26 00:13:43.787631",2500
168,"Drafting Franchise Disclosure Documentation",41,"2021-10-26 00:15:14.487021","2021-10-26 00:15:14.487021",4000
169,"Review Franchise Agreement ",42,"2021-10-26 00:17:46.698094","2021-10-26 00:17:46.698094",1750
170,"Review Franchise Disclosure Document",42,"2021-10-26 00:26:24.570051","2021-10-26 00:26:24.570051",2750
171,"Drafting Sub-Franchise Agreement",42,"2021-10-26 00:27:14.481133","2021-10-26 00:27:14.481133",2500
172,"Strategic Transaction Planning",44,"2021-10-26 20:20:03.109243","2024-04-08 18:44:17.14824",750
173,"Drafting & Reviewing Purchase and Sale Agreement",44,"2021-10-26 20:20:31.064172","2021-10-26 20:20:31.064172",0
174,"Negotiating Purchase and Sale Agreement",44,"2021-10-26 20:20:52.436631","2021-10-26 20:20:52.436631",0
175,"Pre-Closing Matters",44,"2021-10-26 20:21:16.061814","2021-10-26 20:22:30.121582",0
176,"Closing Matters",44,"2021-10-26 20:21:25.778743","2021-10-26 20:21:25.778743",0
177,"Post-Closing Matters",44,"2021-10-26 20:21:39.486845","2021-10-26 20:21:39.486845",0
178,"Loan Agreement / Commitment Letter / Term Sheet",46,"2021-10-28 23:13:47.193226","2021-10-28 23:13:47.193226",1000
179,"Due Diligence & Searches",46,"2021-10-28 23:19:22.088977","2021-10-28 23:19:22.088977",0
180,"Drafting Lender's Documents",46,"2021-10-28 23:23:45.426529","2021-10-28 23:23:45.426529",0
181,"Closing Matters",46,"2021-10-28 23:26:52.416427","2021-10-28 23:26:52.416427",0
182,"Reporting & Post-Closing Matters",46,"2021-10-28 23:27:19.570838","2021-10-28 23:28:05.579663",0
183,"Planning / Investigation",33,"2021-11-11 22:09:14.537044","2021-11-11 22:09:14.537044",1000
184,"Demand",33,"2021-11-11 22:10:37.78284","2021-11-11 22:10:37.78284",500
185,"Negotiation & Settlement",33,"2021-11-11 22:11:37.532938","2021-11-11 22:11:37.532938",1000
186,"Drafting & Serving Pleadings",33,"2021-11-11 22:13:51.249778","2021-11-11 22:13:51.249778",2000
187,"Document Discovery",33,"2021-11-11 22:15:43.212065","2021-11-11 22:15:43.212065",1000
188,"6. Examination for Discovery",33,"2021-11-11 22:16:45.356926","2022-12-23 16:39:08.1665",1000
189,"7. Pre-Trial Applications",33,"2021-11-11 22:17:50.694343","2022-12-23 16:39:36.994409",1500
190,"8. Trial",33,"2021-11-11 22:19:20.255203","2022-12-23 16:40:21.815106",4000
191,"9. Enforcement",33,"2021-11-11 22:19:35.4647","2022-12-23 16:40:46.451534",0
192,"10. Appeal",33,"2021-11-11 22:19:44.102934","2022-12-23 16:41:19.106604",0
193,"Drafting Cohabitation Agreement",48,"2021-11-17 19:43:46.789139","2022-07-12 17:16:09.84972",1500
194,"Drafting Division of Property/Assets Agreement",48,"2021-11-17 19:50:35.754831","2022-07-12 17:15:46.504491",1500
195,"Drafting Prenuptial (Premarital) Agreements",48,"2021-11-17 19:52:47.089756","2022-07-12 17:15:13.404585",1500
196,"Drafting Postnuptial (Marriage) Agreement",48,"2021-11-17 19:53:47.744375","2022-07-12 17:14:28.332426",1500
197,"Drafting Separation Agreement",48,"2021-11-17 20:56:48.686409","2022-07-12 17:13:44.446469",1500
198,"Lease Review - For Tenant",49,"2022-03-10 21:19:51.484057","2024-03-21 17:13:22.596754",1200
199,"Purchase of Commercial Real Estate",45,"2022-03-10 21:29:35.808826","2022-03-10 21:29:35.808826",4000
200,"Lease Review - For Landlord",49,"2022-03-10 21:41:53.345076","2024-03-21 17:14:44.610259",1200
201,"Pre-Grant Estate Administration",24,"2022-05-20 18:53:41.35665","2022-05-20 18:53:41.35665",4000
202,"Post-Grant Estate Administration",24,"2022-05-20 18:56:42.979291","2022-05-20 18:56:42.979291",1500
203,"1. Initial Consultation",50,"2022-06-06 21:14:39.538814","2022-06-06 22:11:51.406512",0
204,"2. First Appearance",50,"2022-06-06 21:16:41.800085","2022-06-06 22:12:12.502988",0
205,"3. Bail Hearing / Court Appearance",50,"2022-06-06 21:32:24.73474","2022-06-06 22:12:46.409154",500
206,"4. Arraignment Hearing",50,"2022-06-06 21:34:58.442061","2022-06-06 22:13:01.444289",500
207,"5. Plea Negotiations ",50,"2022-06-06 21:36:54.895866","2022-06-06 22:13:18.671797",1000
208,"6. Trial",50,"2022-06-06 21:48:37.790992","2022-06-06 22:13:47.273466",0
209,"7. Sentencing",50,"2022-06-06 21:49:49.339401","2022-06-06 22:14:01.661343",0
210,"1. Initial Consultation",51,"2022-06-06 22:38:18.211215","2022-06-06 22:39:05.281355",0
211,"2. First Appearance",51,"2022-06-06 22:38:52.616936","2022-06-06 22:38:52.616936",0
212,"3. Bail Hearing / Court Appearance",51,"2022-06-06 22:41:06.488958","2022-06-06 22:41:06.488958",500
213,"4. Arraignment Hearing",51,"2022-06-06 22:42:01.473103","2022-06-06 22:42:01.473103",500
214,"5. Plea Negotiations ",51,"2022-06-06 22:42:43.138557","2022-06-06 22:42:43.138557",1000
215,"6. Trial",51,"2022-06-06 22:48:31.739492","2022-06-06 22:48:31.739492",0
216,"7. Sentencing",51,"2022-06-06 22:49:02.48801","2022-06-06 22:49:02.48801",0
217,"1. Initial Consultation",52,"2022-06-06 22:57:55.161463","2022-06-06 22:57:55.161463",0
218,"2. First Appearance",52,"2022-06-06 22:58:30.307086","2022-06-06 22:58:30.307086",0
219,"3. Bail Hearing / Court Appearance",52,"2022-06-06 22:59:35.634876","2022-06-06 22:59:35.634876",500
220,"4. Arraignment Hearing",52,"2022-06-06 23:00:22.61507","2022-06-06 23:00:22.61507",500
221,"5. Plea Negotiations ",52,"2022-06-06 23:00:49.262044","2022-06-06 23:00:49.262044",1000
222,"6. Trial",52,"2022-06-06 23:04:08.815702","2022-06-06 23:04:08.815702",0
223,"7. Sentencing",52,"2022-06-06 23:04:42.646385","2022-06-06 23:04:42.646385",0
224,"1. Initial Consultation",53,"2022-06-06 23:15:52.915874","2022-06-06 23:15:52.915874",0
225,"2. First Appearance",53,"2022-06-06 23:16:10.773386","2022-06-06 23:16:10.773386",0
226,"3. Bail Hearing / Court Appearance",53,"2022-06-06 23:17:26.383926","2022-06-06 23:17:26.383926",500
227,"4. Arraignment Hearing",53,"2022-06-06 23:18:08.77762","2022-06-06 23:18:08.77762",500
228,"5. Plea Negotiations ",53,"2022-06-06 23:18:39.086814","2022-06-06 23:18:39.086814",1000
229,"6. Trial",53,"2022-06-06 23:22:26.821956","2022-06-06 23:22:26.821956",0
230,"7. Sentencing",53,"2022-06-06 23:22:59.244228","2022-06-06 23:22:59.244228",0
231,"1. Initial Consultation",54,"2022-06-06 23:42:23.689248","2022-06-06 23:42:23.689248",0
232,"2. First Appearance",54,"2022-06-06 23:42:43.049099","2022-06-06 23:42:43.049099",0
233,"3. Bail Hearing / Court Appearance",54,"2022-06-06 23:43:31.100764","2022-06-06 23:43:31.100764",500
234,"4. Arraignment Hearing",54,"2022-06-06 23:44:14.461745","2022-06-06 23:44:14.461745",500
235,"5. Plea Negotiations ",54,"2022-06-06 23:44:41.993108","2022-06-06 23:44:41.993108",1000
236,"6. Trial",54,"2022-06-06 23:47:58.450623","2022-06-06 23:47:58.450623",0
237,"7. Sentencing",54,"2022-06-06 23:48:36.282647","2022-06-06 23:48:36.282647",0
238,"1. Initial Consultation",55,"2022-06-06 23:50:12.326922","2022-06-06 23:50:12.326922",0
239,"2. First Appearance",55,"2022-06-06 23:50:29.384145","2022-06-06 23:50:43.687371",0
240,"3. Bail Hearing / Court Appearance",55,"2022-06-06 23:51:41.088274","2022-06-06 23:51:41.088274",500
241,"4. Arraignment Hearing",55,"2022-06-06 23:52:42.313592","2022-06-06 23:52:42.313592",500
242,"5. Plea Negotiations ",55,"2022-06-06 23:53:06.640497","2022-06-06 23:53:06.640497",1000
243,"6. Trial",55,"2022-06-07 00:00:01.672126","2022-06-07 00:00:01.672126",0
244,"7. Sentencing",55,"2022-06-07 00:00:40.22546","2022-06-07 00:00:40.22546",0
245,"1. Initial Consultation",56,"2022-06-07 00:03:50.994874","2022-06-07 00:03:50.994874",0
246,"2. First Appearance",56,"2022-06-07 00:04:07.360383","2022-06-07 00:04:07.360383",0
247,"3. Bail Hearing / Court Appearance",56,"2022-06-07 00:04:58.782483","2022-06-07 00:04:58.782483",500
248,"4. Arraignment Hearing",56,"2022-06-07 00:05:41.23717","2022-06-07 00:05:41.23717",500
249,"5. Plea Negotiations ",56,"2022-06-07 00:06:11.869134","2022-06-07 00:06:11.869134",1000
250,"6. Trial",56,"2022-06-07 00:13:01.501052","2022-06-07 00:13:01.501052",0
251,"7. Sentencing",56,"2022-06-07 00:16:55.49589","2022-06-07 00:16:55.49589",0
252,"1. Initial Consultation",57,"2022-06-08 00:33:34.905589","2022-06-08 00:33:34.905589",0
253,"2. First Appearance",57,"2022-06-08 00:33:55.780915","2022-06-08 00:33:55.780915",0
254,"3. Bail Hearing / Court Appearance",57,"2022-06-08 00:35:57.558699","2022-06-08 00:35:57.558699",500
255,"4. Arraignment Hearing",57,"2022-06-08 00:36:45.80811","2022-06-08 00:36:45.80811",500
256,"5. Plea Negotiations ",57,"2022-06-08 00:37:19.18562","2022-06-08 00:37:19.18562",1000
257,"6. Trial",57,"2022-06-08 00:40:51.34307","2022-06-08 00:40:51.34307",0
258,"7. Sentencing",57,"2022-06-08 00:41:57.653589","2022-06-08 00:41:57.653589",0
259,"1. Initial Consultation",58,"2022-06-08 00:43:12.486402","2022-06-08 00:43:12.486402",0
260,"2. First Appearance",58,"2022-06-08 00:43:57.66349","2022-06-08 00:43:57.66349",0
261,"3. Bail Hearing / Court Appearance",58,"2022-06-08 00:44:58.678312","2022-06-08 00:44:58.678312",500
262,"4. Arraignment Hearing",58,"2022-06-08 00:46:09.381337","2022-06-08 00:46:09.381337",500
263,"5. Plea Negotiations ",58,"2022-06-08 00:46:50.483249","2022-06-08 00:46:50.483249",1000
264,"6. Trial",58,"2022-06-08 01:03:23.873344","2022-06-08 01:03:23.873344",0
265,"7. Sentencing",58,"2022-06-08 01:03:52.524132","2022-06-08 01:03:52.524132",0
266,"1. Initial Consultation",59,"2022-06-08 01:04:41.566822","2022-06-08 01:04:41.566822",0
267,"2. First Appearance",59,"2022-06-08 01:06:53.253028","2022-06-08 01:06:53.253028",0
268,"3. Bail Hearing / Court Appearance",59,"2022-06-08 01:08:11.838398","2022-06-08 01:08:11.838398",500
269,"4. Arraignment Hearing",59,"2022-06-08 01:08:48.885281","2022-06-08 01:08:48.885281",500
270,"5. Plea Negotiations ",59,"2022-06-08 01:09:12.040681","2022-06-08 01:10:00.719186",1000
271,"6. Trial",59,"2022-06-08 01:12:12.601061","2022-06-08 01:12:12.601061",0
272,"7. Sentencing",59,"2022-06-08 01:12:37.82753","2022-06-08 01:12:37.82753",0
273,"1. Initial Consultation",60,"2022-06-08 01:24:17.322623","2022-06-08 01:24:17.322623",0
274,"2. First Appearance",60,"2022-06-08 01:24:40.960832","2022-06-08 01:24:40.960832",0
275,"3. Bail Hearing / Court Appearance",60,"2022-06-08 01:26:19.346789","2022-06-08 01:26:19.346789",500
276,"4. Arraignment Hearing",60,"2022-06-08 01:27:24.602205","2022-06-08 01:27:24.602205",500
277,"5. Plea Negotiations ",60,"2022-06-08 01:28:07.350783","2022-06-08 01:28:07.350783",1000
278,"6. Trial",60,"2022-06-08 01:31:21.363489","2022-06-08 01:31:21.363489",0
279,"7. Sentencing",60,"2022-06-08 01:31:49.967874","2022-06-08 01:31:49.967874",0
280,"1. Initial Consultation",61,"2022-06-08 01:33:27.445965","2022-06-08 01:33:27.445965",0
281,"2. First Appearance",61,"2022-06-08 01:33:41.195356","2022-06-08 01:33:41.195356",0
282,"3. Bail Hearing / Court Appearance",61,"2022-06-08 01:34:39.128672","2022-06-08 01:34:39.128672",500
283,"4. Arraignment Hearing",61,"2022-06-08 01:36:01.475986","2022-06-08 01:36:01.475986",500
284,"5. Plea Negotiations ",61,"2022-06-08 01:36:32.199098","2022-06-08 01:36:32.199098",1000
285,"6. Trial",61,"2022-06-08 01:40:29.375468","2022-06-08 01:40:29.375468",0
286,"7. Sentencing",61,"2022-06-08 01:41:39.327283","2022-06-08 01:41:39.327283",0
287,"1. Initial Consultation",62,"2022-06-08 16:02:02.373432","2022-06-08 16:02:02.373432",0
288,"2. First Appearance",62,"2022-06-08 16:02:19.746031","2022-06-08 16:02:19.746031",0
289,"3. Bail Hearing / Court Appearance",62,"2022-06-08 16:03:14.633005","2022-06-08 16:03:14.633005",500
290,"4. Arraignment Hearing",62,"2022-06-08 16:03:50.039592","2022-06-08 16:03:50.039592",500
291,"5. Plea Negotiations ",62,"2022-06-08 16:04:27.467714","2022-06-08 16:04:27.467714",1000
292,"6. Trial",62,"2022-06-08 16:07:13.515508","2022-06-08 16:07:13.515508",0
293,"7. Sentencing",62,"2022-06-08 16:08:11.304714","2022-06-08 16:08:11.304714",0
294,"1. Initial Consultation",63,"2022-06-08 16:09:31.633084","2022-06-08 16:09:31.633084",0
295,"2. First Appearance",63,"2022-06-08 16:09:52.909912","2022-06-08 16:09:52.909912",0
296,"3. Bail Hearing / Court Appearance",63,"2022-06-08 16:10:48.431281","2022-06-08 16:10:48.431281",500
297,"4. Arraignment Hearing",63,"2022-06-08 16:11:44.92722","2022-06-08 16:11:44.92722",500
298,"5. Plea Negotiations ",63,"2022-06-08 16:12:21.495371","2022-06-08 16:12:21.495371",1000
299,"6. Trial",63,"2022-06-08 16:15:43.577107","2022-06-08 16:15:43.577107",0
300,"7. Sentencing",63,"2022-06-08 16:16:15.273793","2022-06-08 16:16:15.273793",0
301,"1. Initial Consultation",64,"2022-06-08 16:18:47.427346","2022-06-08 16:18:47.427346",0
302,"2. First Appearance",64,"2022-06-08 16:19:05.798093","2022-06-08 16:19:05.798093",0
303,"3. Bail Hearing / Court Appearance",64,"2022-06-08 16:20:05.971674","2022-06-08 16:20:05.971674",500
304,"4. Arraignment Hearing",64,"2022-06-08 16:22:29.831025","2022-06-08 16:22:29.831025",500
305,"5. Plea Negotiations ",64,"2022-06-08 16:23:21.479792","2022-06-08 16:23:21.479792",1000
306,"6. Trial",64,"2022-06-08 16:26:07.701431","2022-06-08 16:26:07.701431",0
307,"7. Sentencing",64,"2022-06-08 16:26:49.552698","2022-06-08 16:26:49.552698",0
308,"1. Initial Consultation",65,"2022-06-08 16:34:07.050118","2022-06-08 16:34:07.050118",0
309,"2. First Appearance",65,"2022-06-08 16:34:25.288279","2022-06-08 16:34:25.288279",0
310,"3. Bail Hearing / Court Appearance",65,"2022-06-08 16:36:03.91042","2022-06-08 16:36:03.91042",500
311,"4. Arraignment Hearing",65,"2022-06-08 16:37:23.959252","2022-06-08 16:37:23.959252",500
312,"5. Plea Negotiations ",65,"2022-06-08 16:37:53.398366","2022-06-08 16:37:53.398366",1000
313,"6. Trial",65,"2022-06-08 16:41:02.633038","2022-06-08 16:41:02.633038",0
314,"7. Sentencing",65,"2022-06-08 16:41:32.197169","2022-06-08 16:41:32.197169",0
315,"1. Initial Consultation",67,"2022-06-14 18:03:54.518685","2022-06-14 18:03:54.518685",0
316,"2. Draft Settlement proposal",67,"2022-06-14 18:04:53.093014","2022-06-14 18:04:53.093014",500
317,"3. Litigation - Filing of Statement of Claim",67,"2022-06-14 18:06:28.3259","2022-06-14 18:06:28.3259",500
318,"4. Litigation - Discovery",67,"2022-06-14 18:11:32.934604","2022-06-14 18:11:32.934604",0
319,"5. Litigation - Mediation and Arbitration",67,"2022-06-14 18:14:04.743778","2022-06-14 18:14:04.743778",1000
320,"6. Litigation - Pre-Trial Conference",67,"2022-06-14 18:21:50.974757","2022-06-14 18:45:08.606719",500
321,"7. Litigation - Trial",67,"2022-06-14 18:24:46.843273","2022-06-14 18:24:46.843273",0
322,"1. Initial Consultation",68,"2022-06-14 18:29:18.868176","2022-06-14 18:29:18.868176",0
323,"2. Litigation - Filing a Statement of Defence",68,"2022-06-14 18:30:51.454744","2022-06-14 18:30:51.454744",500
324,"3. Litigation - Discovery",68,"2022-06-14 18:34:54.599853","2022-06-14 18:34:54.599853",0
325,"4. Litigation - Mediation and Arbitration",68,"2022-06-14 18:43:35.354133","2022-06-14 18:43:35.354133",1000
326,"5. Litigation - Pre-Trial Conference",68,"2022-06-14 18:45:50.252669","2022-06-14 18:46:00.162823",500
327,"6. Litigation - Trial",68,"2022-06-14 18:49:31.926675","2022-06-14 18:49:31.926675",0
328,"1. Initial Consultation",69,"2022-06-14 22:32:34.931115","2022-06-14 22:32:34.931115",0
329,"2. Draft Settlement proposal",69,"2022-06-14 22:35:51.761341","2022-06-14 22:35:51.761341",500
330,"3. Litigation - Filing of Statement of Claim",69,"2022-06-14 22:38:42.506711","2022-06-14 22:38:42.506711",500
331,"4. Litigation - Discovery",69,"2022-06-14 22:43:16.76627","2022-06-14 22:43:16.76627",0
332,"6. Litigation - Pre-Trial Conference",69,"2022-06-14 22:43:58.426801","2022-06-14 22:43:58.426801",500
333,"7. Litigation - Trial",69,"2022-06-14 22:46:18.789643","2022-06-14 22:46:18.789643",0
334,"1. Initial Consultation",70,"2022-06-14 22:51:46.914852","2022-06-14 22:51:46.914852",0
335,"2. Litigation - Filing a Statement of Defence",70,"2022-06-14 22:53:06.153208","2022-06-14 22:53:06.153208",500
336,"3. Litigation - Discovery",70,"2022-06-14 22:55:33.363292","2022-06-14 22:55:33.363292",0
337,"4. Litigation - Mediation and Arbitration",70,"2022-06-14 23:00:21.95386","2022-06-14 23:00:21.95386",1000
338,"5. Litigation - Pre-Trial Conference",70,"2022-06-14 23:01:05.390864","2022-06-14 23:01:05.390864",500
339,"6. Litigation - Trial",70,"2022-06-14 23:04:01.481959","2022-06-14 23:04:01.481959",0
340,"1. Initial Consultation",71,"2022-06-14 23:05:47.929153","2022-06-14 23:05:47.929153",0
341,"2. Draft Settlement proposal",71,"2022-06-14 23:08:00.299484","2022-06-14 23:08:00.299484",500
342,"3. Litigation - Filing of Statement of Claim",71,"2022-06-14 23:08:46.258427","2022-06-14 23:08:46.258427",500
343,"4. Litigation - Discovery",71,"2022-06-14 23:11:16.355494","2022-06-14 23:11:16.355494",0
344,"5. Litigation - Mediation and Arbitration",71,"2022-06-14 23:28:03.988767","2022-06-14 23:28:03.988767",1000
345,"6. Litigation - Pre-Trial Conference",71,"2022-06-14 23:28:44.359073","2022-06-14 23:28:44.359073",500
346,"7. Litigation - Trial",71,"2022-06-14 23:32:26.647626","2022-06-14 23:32:26.647626",0
347,"1. Initial Consultation",72,"2022-06-14 23:35:15.955091","2022-06-14 23:35:15.955091",0
348,"2. Litigation - Filing a Statement of Defence",72,"2022-06-14 23:37:47.756845","2022-06-14 23:37:47.756845",500
349,"3. Litigation - Discovery",72,"2022-06-14 23:40:24.32016","2022-06-14 23:40:24.32016",0
350,"4. Litigation - Mediation and Arbitration",72,"2022-06-14 23:43:19.989693","2022-06-14 23:43:19.989693",1000
351,"5. Litigation - Pre-Trial Conference",72,"2022-06-14 23:43:40.089893","2022-06-14 23:43:40.089893",500
352,"6. Litigation - Trial",72,"2022-06-14 23:49:12.977329","2022-06-14 23:49:12.977329",0
353,"1. Initial Consultation",73,"2022-06-15 18:39:51.416354","2022-06-15 18:39:51.416354",0
354,"2. Draft Settlement proposal",73,"2022-06-15 18:41:33.39027","2022-06-15 18:41:33.39027",500
355,"3. Litigation - Filing of Statement of Claim",73,"2022-06-15 18:42:26.544414","2022-06-15 18:42:26.544414",500
356,"4. Litigation - Discovery",73,"2022-06-15 18:45:19.748387","2022-06-15 18:45:19.748387",0
357,"5. Litigation - Mediation and Arbitration",73,"2022-06-15 18:49:53.168308","2022-06-15 18:49:53.168308",1000
358,"6. Litigation - Pre-Trial Conference",73,"2022-06-15 18:50:52.259216","2022-06-15 18:50:52.259216",500
359,"7. Litigation - Trial",73,"2022-06-15 18:56:56.23905","2022-06-15 18:56:56.23905",0
360,"1. Initial Consultation",74,"2022-06-15 18:59:31.539985","2022-06-15 18:59:31.539985",0
361,"2. Litigation - Filing a Statement of Defence",74,"2022-06-15 19:01:25.66966","2022-06-15 19:01:25.66966",500
362,"3. Litigation - Discovery",74,"2022-06-15 19:12:20.633638","2022-06-15 19:12:20.633638",0
363,"4. Litigation - Mediation and Arbitration",74,"2022-06-15 19:19:03.465334","2022-06-15 19:19:03.465334",1000
364,"6. Litigation - Trial",74,"2022-06-15 19:27:06.660399","2022-06-15 19:27:40.765286",0
365,"5. Litigation - Pre-Trial Conference",74,"2022-06-15 19:28:08.705284","2022-06-15 19:28:08.705284",500
366,"Drafting Spousal Support Agreement",48,"2022-07-12 17:26:38.276416","2022-07-12 17:28:15.074854",1000
367,"Drafting Co-Parenting Agreement",48,"2022-07-12 18:36:28.124798","2022-07-12 18:36:28.124798",1000
368,"Uncontested Divorce",75,"2022-07-12 18:47:08.778311","2024-03-21 18:30:35.942008",1000
369,"1. Planning / Investigation ",76,"2022-07-20 22:22:17.456673","2022-11-03 18:11:29.139683",500
370,"2. Demand",76,"2022-07-20 22:25:22.777534","2022-11-03 18:11:12.662401",0
371,"3. Negotiation",76,"2022-07-20 22:28:28.792884","2022-11-03 18:10:56.705603",0
372,"4. Litigation - Pleadings",76,"2022-07-20 22:29:51.100609","2022-11-03 18:10:35.756806",0
373,"5. Litigation - Interlocutory applications",76,"2022-07-20 22:30:39.175273","2022-11-03 18:10:21.638993",200
374,"6. Litigation - Pre-trial conference",76,"2022-07-20 22:32:01.414018","2022-11-03 18:10:04.62445",200
375,"7. Litigation - Written Discovery",76,"2022-07-20 22:33:50.717311","2022-11-03 17:57:18.482919",0
376,"8. Litigation - Oral Discovery",76,"2022-07-20 22:35:10.693927","2022-11-03 17:57:02.475278",0
377,"9. Litigation - Amending Pleadings",76,"2022-07-20 22:36:32.177708","2022-11-03 17:54:43.543564",0
378,"10. Litigation - Applications",76,"2022-07-20 22:39:43.940532","2022-11-03 17:54:23.686998",500
379,"11. Litigation - Prep for trial",76,"2022-07-20 22:45:08.521089","2022-11-03 17:53:33.866566",0
380,"12. Litigation - Trial ",76,"2022-07-20 22:49:29.264096","2022-11-03 17:53:06.625683",0
381,"13. Litigation - File motions post-trial",76,"2022-07-20 22:51:43.080393","2022-11-03 17:52:51.30466",200
382,"1. Planning / Investigation ",77,"2022-07-28 18:23:52.479585","2022-11-03 17:52:20.412856",500
383,"2. Litigation - Pleadings",77,"2022-07-28 18:27:50.219529","2022-11-03 17:52:08.255979",0
384,"3. Litigation - Pre-Trial Hearings",77,"2022-07-28 18:48:11.829308","2022-11-03 17:51:57.128218",200
385,"4. Litigation - Pre-Trial Motions",77,"2022-07-28 19:09:39.50706","2022-11-03 17:51:45.125174",200
386,"5. Litigation - Written Discovery",77,"2022-07-28 19:12:37.925992","2022-11-03 17:51:32.165515",0
387,"6. Litigation - Oral Discovery",77,"2022-07-28 19:14:03.101615","2022-11-03 17:51:15.967504",0
388,"7. Litigation - Amend Pleadings",77,"2022-07-28 19:18:57.91887","2022-11-03 17:51:02.982698",0
389,"8. Litigation - Settlement proposals and negotiations",77,"2022-07-28 19:21:48.814796","2022-11-03 17:50:46.818107",500
390,"9. Litigation - Prep for Trial",77,"2022-07-28 19:26:57.41632","2022-11-03 17:50:33.273955",0
391,"10. Litigation - Trial",77,"2022-07-28 19:30:07.618477","2022-11-03 17:50:19.085594",0
392,"1. Litigation - Pleadings",78,"2022-07-29 16:14:25.930347","2022-11-03 17:49:59.537019",0
393,"2. Litigation - Pre- Trial Hearings",78,"2022-07-29 16:15:43.402141","2022-11-03 17:46:27.475014",200
394,"3. Litigation - Pre-Trial Legal Motions",78,"2022-07-29 16:17:15.292976","2022-11-03 17:34:44.584268",200
395,"4. Litigation - Written Discovery ",78,"2022-07-29 16:19:38.772399","2022-11-03 17:34:32.071005",0
396,"5. Litigation - Oral Discovery",78,"2022-07-29 16:20:50.955484","2022-11-03 17:34:19.463803",0
397,"6. Litigation - Amend Pleadings",78,"2022-07-29 16:21:58.043022","2022-11-03 17:34:05.928233",0
398,"7. Litigation - Settlement proposals and negotiations",78,"2022-07-29 16:23:40.318307","2022-11-03 17:33:52.95021",500
399,"8. Litigation - Prep for Trial",78,"2022-07-29 16:26:51.144939","2022-11-03 17:33:39.78887",0
400,"9. Litigation - Trial",78,"2022-07-29 16:31:19.998683","2022-11-03 17:33:24.962474",0
401,"Drafting Employee Stock Option Plan (ESOP)",32,"2022-08-19 19:32:37.340741","2022-08-19 19:32:37.340741",1500
402,"Amending Existing Employee Stock Option Plan (ESOP)",32,"2022-08-19 19:35:17.487601","2022-08-19 19:35:17.487601",750
403,"Drafting Deal Specific Option Agreement",32,"2022-08-19 19:37:14.683731","2022-08-19 19:37:14.683731",250
404,"Reviewing Severance Package ",32,"2022-08-19 19:41:00.14988","2022-08-19 19:41:00.14988",750
405,"Promissory Note",79,"2022-08-30 20:40:00.802817","2022-08-30 20:40:00.802817",500
406,"Drafting Trademark License Agreement",80,"2022-09-02 00:01:59.23206","2022-09-02 00:03:20.530733",1500
407,"Drafting Patent License Agreement",81,"2022-09-02 00:06:32.093628","2022-09-02 00:06:32.093628",1500
408,"Trademark Application",80,"2022-09-15 21:42:45.490043","2024-03-21 18:53:23.519733",1000
409,"Investigation & Fact-finding",86,"2022-09-15 21:49:52.165048","2022-09-15 21:49:52.165048",1500
410,"Response to Security Breach",86,"2022-09-15 21:52:14.662968","2022-09-15 21:52:14.662968",5000
411,"Drafting Copyright License Agreement",82,"2022-11-18 20:33:35.090163","2022-11-18 20:33:35.090163",1500
412,"1. Planning / Investigation ",88,"2023-01-26 22:08:23.542556","2023-01-26 22:08:23.542556",500
413,"2. Litigation - Pleadings",88,"2023-01-26 22:12:51.842706","2023-01-26 22:12:51.842706",0
414,"3. Litigation - Pre-Trial Hearings",88,"2023-01-26 22:13:43.471026","2023-01-26 22:13:43.471026",200
415,"4. Litigation - Family Case Conference",88,"2023-01-26 22:14:55.73593","2023-01-26 22:44:55.603145",0
416,"5. Litigation - Pre-Trial Motions",88,"2023-01-26 22:16:01.493929","2023-01-26 22:16:01.493929",200
417,"6. Litigation - Written Discovery",88,"2023-01-26 22:18:22.27645","2023-01-26 22:18:22.27645",0
418,"7. Litigation - Oral Discovery",88,"2023-01-26 22:32:51.710998","2023-01-26 22:32:51.710998",0
419,"8. Litigation - Amend Pleadings",88,"2023-01-26 22:33:53.317388","2023-01-26 22:33:53.317388",0
420,"9. Litigation - Settlement proposals and negotiations",88,"2023-01-26 22:34:54.756574","2023-01-26 22:34:54.756574",500
421,"10. Litigation - Prep for Trial",88,"2023-01-26 22:38:29.051419","2023-01-26 22:38:29.051419",0
422,"11. Litigation - Trial",88,"2023-01-26 22:40:42.867922","2023-01-26 22:40:42.867922",0
423,"1. Litigation - Pleadings",89,"2023-01-26 22:49:12.886425","2023-01-26 22:49:12.886425",0
424,"2. Litigation - Pre-Trial Hearings",89,"2023-01-26 23:08:06.994508","2023-01-26 23:08:06.994508",200
425,"3. Litigation - Family Case Conference",89,"2023-01-26 23:09:17.557036","2023-01-26 23:09:17.557036",0
426,"4. Litigation - Pre-Trial Motions",89,"2023-01-26 23:10:09.723597","2023-01-26 23:10:09.723597",200
427,"5. Litigation - Written Discovery",89,"2023-01-26 23:17:33.394406","2023-01-26 23:17:33.394406",0
428,"6. Litigation - Oral Discovery",89,"2023-01-26 23:19:28.259985","2023-01-26 23:19:28.259985",0
429,"7. Litigation - Amend Pleadings",89,"2023-01-26 23:20:32.356254","2023-01-26 23:20:32.356254",0
430,"8. Litigation - Settlement proposals and negotiations",89,"2023-01-26 23:22:09.68037","2023-01-26 23:22:09.68037",500
431,"9. Litigation - Prep for Trial",89,"2023-01-26 23:25:07.448123","2023-01-26 23:25:07.448123",0
432,"10. Litigation - Trial",89,"2023-01-26 23:26:49.8627","2023-01-26 23:26:49.8627",0
433,"1. Planning / Investigation ",90,"2023-01-27 19:14:40.781531","2023-01-27 19:14:40.781531",500
434,"2. Litigation - Pleadings",90,"2023-01-27 19:21:23.509412","2023-01-27 19:21:23.509412",0
435,"3. Litigation - Pre-Trial Hearings",90,"2023-01-27 19:22:52.232375","2023-01-27 19:22:52.232375",200
436,"4. Litigation - Family Case Conference",90,"2023-01-27 19:24:03.689255","2023-01-27 19:24:03.689255",0
437,"5. Litigation - Pre-Trial Motions ",90,"2023-01-27 19:25:05.552301","2023-01-27 19:25:05.552301",200
438,"6. Litigation - Written Discovery",90,"2023-01-27 19:28:19.252654","2023-01-27 19:28:19.252654",0
439,"7. Litigation - Oral Discovery",90,"2023-01-27 19:30:52.018035","2023-01-27 19:30:52.018035",0
440,"8. Litigation - Amend Pleadings",90,"2023-01-27 19:31:51.765392","2023-01-27 19:31:51.765392",0
441,"9. Litigation - Settlement proposals and negotiations",90,"2023-01-27 19:35:11.774363","2023-01-27 19:35:11.774363",500
442,"10. Litigation - Prep for Trial",90,"2023-01-27 19:38:43.798986","2023-01-27 19:38:43.798986",0
443,"11. Litigation - Trial",90,"2023-01-27 19:41:14.388784","2023-01-27 19:41:14.388784",0
444,"1. Litigation - Pleadings",91,"2023-01-27 19:50:21.653859","2023-01-27 19:50:21.653859",0
445,"2. Litigation - Pre-Trial Hearings",91,"2023-01-27 19:52:17.960419","2023-01-27 19:52:17.960419",200
446,"3. Litigation - Family Case Conference",91,"2023-01-27 19:54:41.692629","2023-01-27 19:54:41.692629",0
447,"4. Litigation - Pre-Trial Motions",91,"2023-01-27 19:55:40.144356","2023-01-27 19:55:40.144356",200
448,"5. Litigation - Written Discovery",91,"2023-01-27 19:57:15.605483","2023-01-27 19:57:15.605483",0
449,"6. Litigation - Oral Discovery",91,"2023-01-27 19:58:40.998528","2023-01-27 19:58:40.998528",0
450,"7. Litigation - Amend Pleadings",91,"2023-01-27 20:00:02.581055","2023-01-27 20:00:02.581055",0
451,"8. Litigation - Settlement proposals and negotiations",91,"2023-01-27 20:01:33.766191","2023-01-27 20:01:33.766191",500
452,"9. Litigation - Prep for Trial",91,"2023-01-27 20:04:23.019354","2023-01-27 20:04:23.019354",0
453,"10. Litigation - Trial",91,"2023-01-27 20:06:39.958996","2023-01-27 20:06:39.958996",0
454,"Borrower’s Commercial Lending Transaction",47,"2023-01-27 21:20:19.560932","2023-01-27 21:20:19.560932",1750
455,"1. Demand",92,"2023-01-27 22:11:42.78043","2023-01-27 22:11:42.78043",0
456,"2. Negotiation",92,"2023-01-27 22:14:20.451289","2023-01-27 22:14:20.451289",0
457,"3. Litigation - Pleadings",92,"2023-01-27 22:18:01.012796","2023-01-27 22:18:01.012796",0
458,"4. Litigation - Interlocutory applications",92,"2023-01-27 22:21:50.181039","2023-01-27 22:41:51.660095",200
459,"5. Litigation - Pre-Trial Conference",92,"2023-01-27 22:22:36.607269","2023-01-27 22:22:36.607269",200
460,"6. Litigation - Written Discovery",92,"2023-01-27 22:24:40.655691","2023-01-27 22:24:40.655691",0
461,"7. Litigation - Oral Discovery",92,"2023-01-27 22:28:25.641658","2023-01-27 22:28:25.641658",0
462,"8. Litigation - Amend Pleadings",92,"2023-01-27 22:29:41.059468","2023-01-27 22:29:41.059468",0
463,"9. Litigation - Applications",92,"2023-01-27 22:32:32.602195","2023-01-27 22:32:32.602195",500
464,"10. Litigation - Prep for Trial",92,"2023-01-27 22:37:29.218437","2023-01-27 22:37:29.218437",0
465,"11. Litigation - Trial",92,"2023-01-27 22:39:51.679724","2023-01-27 22:39:51.679724",0
466,"12. Litigation - File motions post-trial",92,"2023-01-27 22:41:28.808889","2023-01-27 22:41:28.808889",200
467,"1. Prep for Appeal",93,"2023-02-14 19:27:23.589152","2023-02-14 19:27:23.589152",0
468,"2. Prep Appellate Brief ",93,"2023-02-14 19:30:13.669982","2023-02-14 19:30:13.669982",0
469,"3. Appeal Hearing",93,"2023-02-14 19:34:32.52638","2023-02-14 19:34:32.52638",0
470,"Beneficial Ownership Information Report Application",94,"2024-01-02 17:24:48.672393","2024-01-02 17:24:48.672393",1000
471,"Naturalization",95,"2024-02-28 17:14:53.393301","2024-02-28 17:14:53.393301",750
472,"DACA Application",96,"2024-02-28 17:21:18.908394","2024-02-28 17:21:18.908394",750
473,"Green Card Application",97,"2024-02-28 21:16:37.304136","2024-02-28 21:16:37.304136",1250
474,"Advising Employer on Reasonable Notice",32,"2024-03-21 21:32:06.822906","2024-03-21 21:32:06.822906",750
475,"Reviewing NDA / MNDA",18,"2025-01-23 19:52:01.926279","2025-01-23 19:52:01.926279",350
476,"Formation of Limited Liability Company (LLC)",1,"2025-07-21 19:47:29.443208","2025-07-21 19:47:29.443208",1450
